list,section,rank,goodreads_work_id,title,author,chance,chance_of,model,code,why,n_ratings,known,crowd_place,by_taste,crowd_z,taste_z
main,Художественная литература,1,3275794,To Kill a Mockingbird,Harper Lee,56.0,5★,79a19f35b3934eaa010c6832cc64683c,3c6beeed3ace1442,"читатели: О мышах и людях 5★, Скотный двор 5★, Гроздья гнева 5★ | вкус за: эту книгу обычно ставят 4.3",49.0,197741.0,2.0,0.0,36.704,4.372
main,Художественная литература,2,2766512,Lord of the Flies,William Golding,52.0,5★,79a19f35b3934eaa010c6832cc64683c,3c6beeed3ace1442,"читатели: Скотный двор 5★, О мышах и людях 5★, Гроздья гнева 5★ | вкус за: Скотный двор 5★ (у всех 3.9) — похожа",49.0,116754.0,3.0,0.0,36.227,3.781
main,Художественная литература,3,3204877,Brave New World,Aldous Huxley,49.0,5★,79a19f35b3934eaa010c6832cc64683c,3c6beeed3ace1442,"читатели: 1984 5★, Скотный двор 5★, 451 по фаренгейту 4★ | вкус за: 1984 5★ (у всех 4.1) — похожа",49.0,79537.0,1.0,0.0,37.791,1.996
main,Художественная литература,4,2574991,East of Eden,John Steinbeck,46.0,5★,79a19f35b3934eaa010c6832cc64683c,3c6beeed3ace1442,"читатели: Гроздья гнева 5★, О мышах и людях 5★ | вкус за: эту книгу обычно ставят 4.3",49.0,24958.0,8.0,0.0,21.308,8.545
main,Художественная литература,5,4835472,The Alchemist,Paulo Coelho,44.0,5★,79a19f35b3934eaa010c6832cc64683c,3c6beeed3ace1442,"читатели: Сиддхартха 5★, Самый богатый человек в Вавилоне 5★, Думай и богатей 4★ | вкус за: Сиддхартха 5★ (у всех 3.9) — похожа",49.0,102954.0,6.0,0.0,22.115,4.115
main,Художественная литература,6,3036731,The Catcher in the Rye,J.D. Salinger,43.0,5★,79a19f35b3934eaa010c6832cc64683c,3c6beeed3ace1442,"читатели: О мышах и людях 5★, Скотный двор 5★, 1984 5★",49.0,140640.0,4.0,0.0,24.892,0.432
main,Художественная литература,7,245494,The Great Gatsby,F. Scott Fitzgerald,42.0,5★,79a19f35b3934eaa010c6832cc64683c,3c6beeed3ace1442,"читатели: О мышах и людях 5★, 1984 5★, Скотный двор 5★",49.0,170612.0,7.0,0.0,21.437,-0.211
main,Художественная литература,8,2100252,One Flew Over the Cuckoo's Nest,Ken Kesey,41.0,5★,79a19f35b3934eaa010c6832cc64683c,3c6beeed3ace1442,"читатели: Цветы для Элджернона 5★, Гроздья гнева 5★, Мартин Иден 5★; несмотря на: Радость жизни 5★ | вкус за: эту книгу обычно ставят 4.1",49.0,36073.0,9.0,0.0,14.992,4.607
main,Художественная литература,9,3230869,Misery,Stephen King,40.0,5★,79a19f35b3934eaa010c6832cc64683c,3c6beeed3ace1442,"читатели: Кладбище домашних животных 4★, Сияние 4★ | вкус за: эту книгу обычно ставят 4.0",49.0,30852.0,15.0,0.0,12.165,5.844
main,Художественная литература,10,1540236,The Hobbit,J.R.R. Tolkien,39.0,5★,79a19f35b3934eaa010c6832cc64683c,3c6beeed3ace1442,"читатели: Роковые яйца 4★, Гарри Поттер (вся серия) 4★, Скотный двор 5★; несмотря на: Цветы для Элджернона 5★ | вкус за: эту книгу обычно ставят 4.2",49.0,148469.0,10.0,0.0,13.194,3.615
main,Художественная литература,11,23596,A Clockwork Orange,Anthony Burgess,37.0,5★,79a19f35b3934eaa010c6832cc64683c,3c6beeed3ace1442,"читатели: 1984 5★, Мартин Иден 5★, Скотный двор 5★ | вкус за: Путешествие к земле Востока 2★ (у всех 3.6) — не похожа",49.0,35378.0,13.0,0.0,12.835,1.682
main,Художественная литература,12,3252320,The Call of the Wild,Jack London,37.0,5★,79a19f35b3934eaa010c6832cc64683c,3c6beeed3ace1442,читатели: Мартин Иден 5★ | вкус за: Ужин 2★ (у всех 3.4) — не похожа,49.0,22835.0,24.0,0.0,9.641,4.362
main,Художественная литература,13,15599,The Green Mile,Stephen King,36.0,5★,79a19f35b3934eaa010c6832cc64683c,3c6beeed3ace1442,"читатели: Кладбище домашних животных 4★, Мартин Иден 5★, Сияние 4★ | вкус за: эту книгу обычно ставят 4.3",49.0,20497.0,40.0,1.0,7.013,6.422
main,Художественная литература,14,3295655,One Hundred Years of Solitude,Gabriel Garcia Marquez,35.0,5★,79a19f35b3934eaa010c6832cc64683c,3c6beeed3ace1442,"читатели: Мартин Иден 5★, Сиддхартха 5★, Мастер и Маргарита 3★ | вкус за: Гроздья гнева 5★ (у всех 3.9) — похожа",49.0,47564.0,17.0,0.0,11.675,1.436
main,Художественная литература,15,3295919,The Kite Runner,Khaled Hosseini,35.0,5★,79a19f35b3934eaa010c6832cc64683c,3c6beeed3ace1442,"читатели: Роковые яйца 4★, Скотный двор 5★, Морфий 4★; несмотря на: Радость жизни 5★ | вкус за: эту книгу обычно ставят 4.2",49.0,106555.0,57.0,1.0,6.082,7.019
main,Художественная литература,16,2543234,"The Giver (The Giver, #1)",Lois Lowry,35.0,5★,79a19f35b3934eaa010c6832cc64683c,3c6beeed3ace1442,"читатели: Цветы для Элджернона 5★, 451 по фаренгейту 4★, 1984 5★ | вкус за: эту книгу обычно ставят 4.1",49.0,97895.0,25.0,0.0,9.446,3.607
main,Художественная литература,17,2373750,The Metamorphosis,Franz Kafka,34.0,5★,79a19f35b3934eaa010c6832cc64683c,3c6beeed3ace1442,"читатели: Роковые яйца 4★, Сиддхартха 5★, Посторонний 3★; несмотря на: Мартин Иден 5★ | вкус против: Посторонний 3★ (у всех 3.8) — похожа",49.0,41228.0,12.0,0.0,13.051,-0.664
main,Художественная литература,18,2682802,The White Guard,Mikhail Bulgakov,34.0,5★,79a19f35b3934eaa010c6832cc64683c,3c6beeed3ace1442,"читатели: Роковые яйца 4★, Записки юного врача 4★, Собачье сердце 4★",49.0,674.0,18.0,0.0,11.476,0.466
main,Художественная литература,19,195832,The Pearl,John Steinbeck,34.0,5★,79a19f35b3934eaa010c6832cc64683c,3c6beeed3ace1442,"читатели: Гроздья гнева 5★, О мышах и людях 5★, Старик и море 4★ | вкус за: О мышах и людях 5★ (у всех 3.9) — похожа",49.0,14609.0,47.0,1.0,6.691,5.248
main,Художественная литература,20,165384,Arch of Triumph: A Novel of a Man Without a Country,Erich Maria Remarque,33.0,5★,79a19f35b3934eaa010c6832cc64683c,3c6beeed3ace1442,"читатели: Мартин Иден 5★, Морфий 4★ | вкус за: эту книгу обычно ставят 4.3",49.0,1188.0,69.0,1.0,5.347,6.296
main,Нон-фикшн,1,2370171,How to Win Friends and Influence People,Dale Carnegie,47.0,5★,79a19f35b3934eaa010c6832cc64683c,3c6beeed3ace1442,"читатели: Думай и богатей 4★, Самый богатый человек в Вавилоне 5★, Богатый папа бедный папа 4★ | вкус за: Норвежский лес 2★ (у всех 4.0) — не похожа",49.0,14905.0,5.0,0.0,22.127,8.183
main,Нон-фикшн,2,45087110,Homo Deus: A Brief History of Tomorrow,Yuval Noah Harari,42.0,5★,79a19f35b3934eaa010c6832cc64683c,3c6beeed3ace1442,читатели: Sapiens. Краткая история человечества 5★ | вкус за: эту книгу обычно ставят 4.3,49.0,1733.0,11.0,0.0,13.086,7.561
main,Нон-фикшн,3,6277,The 7 Habits of Highly Effective People: Powerful Lessons in Personal Change,Stephen R. Covey,40.0,5★,79a19f35b3934eaa010c6832cc64683c,3c6beeed3ace1442,"читатели: Думай и богатей 4★, Богатый папа бедный папа 4★, Самый богатый человек в Вавилоне 5★ | вкус за: Норвежский лес 2★ (у всех 4.0) — не похожа",49.0,14574.0,14.0,0.0,12.782,5.316
main,Нон-фикшн,4,265616,Night (The Night Trilogy #1),Elie Wiesel,39.0,5★,79a19f35b3934eaa010c6832cc64683c,3c6beeed3ace1442,"читатели: О мышах и людях 5★, На западном фронте без перемен 4★, Цветы для Элджернона 5★ | вкус за: эту книгу обычно ставят 4.3",49.0,50409.0,22.0,0.0,10.144,5.932
main,Нон-фикшн,5,93900,Letters from a Stoic,Seneca,38.0,5★,79a19f35b3934eaa010c6832cc64683c,3c6beeed3ace1442,читатели: Радость жизни 5★ | вкус за: эту книгу обычно ставят 4.2,49.0,881.0,21.0,0.0,10.233,5.335
main,Нон-фикшн,6,347061,The Greatest Salesman in the World,Og Mandino,38.0,5★,79a19f35b3934eaa010c6832cc64683c,3c6beeed3ace1442,"читатели: Самый богатый человек в Вавилоне 5★, Думай и богатей 4★ | вкус за: Ужин 2★ (у всех 3.4) — не похожа",49.0,1807.0,27.0,0.0,8.971,6.036
main,Нон-фикшн,7,1840987,As a Man Thinketh,James Allen,38.0,5★,79a19f35b3934eaa010c6832cc64683c,3c6beeed3ace1442,"читатели: Самый богатый человек в Вавилоне 5★, Думай и богатей 4★ | вкус за: эту книгу обычно ставят 4.1",49.0,2061.0,30.0,0.0,8.519,6.277
main,Нон-фикшн,8,31010,Meditations,Marcus Aurelius,37.0,5★,79a19f35b3934eaa010c6832cc64683c,3c6beeed3ace1442,читатели: Радость жизни 5★ | вкус за: эту книгу обычно ставят 4.1,49.0,4410.0,16.0,0.0,11.803,1.992
main,Нон-фикшн,9,746042,The Magic of Thinking Big,David J. Schwartz,36.0,5★,79a19f35b3934eaa010c6832cc64683c,3c6beeed3ace1442,"читатели: Самый богатый человек в Вавилоне 5★, Думай и богатей 4★, Радость жизни 5★ | вкус за: Ужин 2★ (у всех 3.4) — не похожа",49.0,1888.0,31.0,0.0,8.395,5.345
main,Нон-фикшн,10,3389674,Man's Search for Meaning,Viktor E. Frankl,36.0,5★,79a19f35b3934eaa010c6832cc64683c,3c6beeed3ace1442,"читатели: Радость жизни 5★, Sapiens. Краткая история человечества 5★, Сиддхартха 5★ | вкус за: эту книгу обычно ставят 4.3",49.0,14433.0,19.0,0.0,11.208,2.486
main,Нон-фикшн,11,3532896,The Diary of a Young Girl,Anne Frank,34.0,5★,79a19f35b3934eaa010c6832cc64683c,3c6beeed3ace1442,"читатели: Скотный двор 5★, 1984 5★, О мышах и людях 5★; несмотря на: Самый богатый человек в Вавилоне 5★ | вкус за: эту книгу обычно ставят 4.1",49.0,118628.0,29.0,0.0,8.93,3.274
main,Нон-фикшн,12,5210,The Millionaire Next Door: The Surprising Secrets of Americas Wealthy,Thomas J. Stanley,34.0,5★,79a19f35b3934eaa010c6832cc64683c,3c6beeed3ace1442,"читатели: Самый богатый человек в Вавилоне 5★, Богатый папа бедный папа 4★ | вкус за: Норвежский лес 2★ (у всех 4.0) — не похожа",49.0,2797.0,23.0,0.0,10.092,1.861
main,Нон-фикшн,13,771090,Secrets of the Millionaire Mind: Mastering the Inner Game of Wealth,T. Harv Eker,32.0,5★,79a19f35b3934eaa010c6832cc64683c,3c6beeed3ace1442,"читатели: Самый богатый человек в Вавилоне 5★, Думай и богатей 4★, Квадрант денежного потока 3★ | вкус за: Психология денег 5★ (у всех 4.1) — похожа",49.0,1262.0,49.0,0.0,6.357,4.644
main,Нон-фикшн,14,2946399,The Minds of Billy Milligan,Daniel Keyes,31.0,5★,79a19f35b3934eaa010c6832cc64683c,3c6beeed3ace1442,"читатели: Мартин Иден 5★, Морфий 4★, Цветы для Элджернона 5★ | вкус за: эту книгу обычно ставят 4.1",49.0,1111.0,60.0,0.0,5.947,4.279
main,Нон-фикшн,15,41987016,Elon Musk: Inventing the Future,Ashlee Vance,31.0,5★,79a19f35b3934eaa010c6832cc64683c,3c6beeed3ace1442,"читатели: Sapiens. Краткая история человечества 5★, Богатый папа бедный папа 4★ | вкус за: эту книгу обычно ставят 4.2",49.0,4437.0,145.0,1.0,3.278,6.796
main,Нон-фикшн,16,45424659,When Breath Becomes Air,Paul Kalanithi,30.0,5★,79a19f35b3934eaa010c6832cc64683c,3c6beeed3ace1442,"читатели: Sapiens. Краткая история человечества 5★, Эссенциализм 4★, Тёмная материя 4★ | вкус за: эту книгу обычно ставят 4.4",49.0,16898.0,112.0,1.0,4.212,5.748
main,Нон-фикшн,17,16029496,The Better Angels of Our Nature: Why Violence Has Declined,Steven Pinker,30.0,5★,79a19f35b3934eaa010c6832cc64683c,3c6beeed3ace1442,"читатели: Радость жизни 5★, Sapiens. Краткая история человечества 5★ | вкус за: эту книгу обычно ставят 4.2",49.0,1165.0,374.0,1.0,1.386,8.016
main,Нон-фикшн,18,577412,The Slight Edge: Secret to a Successful Life,Jeff Olson,29.0,5★,79a19f35b3934eaa010c6832cc64683c,3c6beeed3ace1442,"читатели: Думай и богатей 4★, Квадрант денежного потока 3★, Самый богатый человек в Вавилоне 5★ | вкус за: эту книгу обычно ставят 4.2",49.0,663.0,233.0,1.0,2.155,7.031
main,Нон-фикшн,19,102974,The Intelligent Investor,Benjamin Graham,29.0,5★,79a19f35b3934eaa010c6832cc64683c,3c6beeed3ace1442,"читатели: Самый богатый человек в Вавилоне 5★, Думай и богатей 4★, Богатый папа бедный папа 4★ | вкус за: эту книгу обычно ставят 4.2",49.0,1113.0,190.0,1.0,2.604,6.346
main,Нон-фикшн,20,19092611,Antifragile: Things That Gain from Disorder,Nassim Nicholas Taleb,29.0,5★,79a19f35b3934eaa010c6832cc64683c,3c6beeed3ace1442,"читатели: Радость жизни 5★, Эссенциализм 4★ | вкус за: Скотный двор 5★ (у всех 3.9) — похожа",49.0,1273.0,108.0,1.0,4.269,4.631
bold,Художественная литература,1,3275794,To Kill a Mockingbird,Harper Lee,,,79a19f35b3934eaa010c6832cc64683c,3c6beeed3ace1442,,,,,,,
bold,Художественная литература,2,2766512,Lord of the Flies,William Golding,,,79a19f35b3934eaa010c6832cc64683c,3c6beeed3ace1442,,,,,,,
bold,Художественная литература,3,3204877,Brave New World,Aldous Huxley,,,79a19f35b3934eaa010c6832cc64683c,3c6beeed3ace1442,,,,,,,
bold,Художественная литература,4,2574991,East of Eden,John Steinbeck,,,79a19f35b3934eaa010c6832cc64683c,3c6beeed3ace1442,,,,,,,
bold,Художественная литература,5,4835472,The Alchemist,Paulo Coelho,,,79a19f35b3934eaa010c6832cc64683c,3c6beeed3ace1442,,,,,,,
bold,Художественная литература,6,3036731,The Catcher in the Rye,J.D. Salinger,,,79a19f35b3934eaa010c6832cc64683c,3c6beeed3ace1442,,,,,,,
bold,Художественная литература,7,245494,The Great Gatsby,F. Scott Fitzgerald,,,79a19f35b3934eaa010c6832cc64683c,3c6beeed3ace1442,,,,,,,
bold,Художественная литература,8,2100252,One Flew Over the Cuckoo's Nest,Ken Kesey,,,79a19f35b3934eaa010c6832cc64683c,3c6beeed3ace1442,,,,,,,
bold,Художественная литература,9,3230869,Misery,Stephen King,,,79a19f35b3934eaa010c6832cc64683c,3c6beeed3ace1442,,,,,,,
bold,Художественная литература,10,1540236,The Hobbit,J.R.R. Tolkien,,,79a19f35b3934eaa010c6832cc64683c,3c6beeed3ace1442,,,,,,,
bold,Художественная литература,11,15599,The Green Mile,Stephen King,,,79a19f35b3934eaa010c6832cc64683c,3c6beeed3ace1442,,,,,,,
bold,Художественная литература,12,3252320,The Call of the Wild,Jack London,,,79a19f35b3934eaa010c6832cc64683c,3c6beeed3ace1442,,,,,,,
bold,Художественная литература,13,3295919,The Kite Runner,Khaled Hosseini,,,79a19f35b3934eaa010c6832cc64683c,3c6beeed3ace1442,,,,,,,
bold,Художественная литература,14,23596,A Clockwork Orange,Anthony Burgess,,,79a19f35b3934eaa010c6832cc64683c,3c6beeed3ace1442,,,,,,,
bold,Художественная литература,15,2543234,"The Giver (The Giver, #1)",Lois Lowry,,,79a19f35b3934eaa010c6832cc64683c,3c6beeed3ace1442,,,,,,,
bold,Художественная литература,16,165384,Arch of Triumph: A Novel of a Man Without a Country,Erich Maria Remarque,,,79a19f35b3934eaa010c6832cc64683c,3c6beeed3ace1442,,,,,,,
bold,Художественная литература,17,195832,The Pearl,John Steinbeck,,,79a19f35b3934eaa010c6832cc64683c,3c6beeed3ace1442,,,,,,,
bold,Художественная литература,18,3295655,One Hundred Years of Solitude,Gabriel Garcia Marquez,,,79a19f35b3934eaa010c6832cc64683c,3c6beeed3ace1442,,,,,,,
bold,Художественная литература,19,13155899,"Divergent (Divergent, #1)",Veronica Roth,,,79a19f35b3934eaa010c6832cc64683c,3c6beeed3ace1442,,,,,,,
bold,Художественная литература,20,47400,The Autobiography of Malcolm X,Malcolm X,,,79a19f35b3934eaa010c6832cc64683c,3c6beeed3ace1442,,,,,,,
bold,Нон-фикшн,1,2370171,How to Win Friends and Influence People,Dale Carnegie,,,79a19f35b3934eaa010c6832cc64683c,3c6beeed3ace1442,,,,,,,
bold,Нон-фикшн,2,45087110,Homo Deus: A Brief History of Tomorrow,Yuval Noah Harari,,,79a19f35b3934eaa010c6832cc64683c,3c6beeed3ace1442,,,,,,,
bold,Нон-фикшн,3,6277,The 7 Habits of Highly Effective People: Powerful Lessons in Personal Change,Stephen R. Covey,,,79a19f35b3934eaa010c6832cc64683c,3c6beeed3ace1442,,,,,,,
bold,Нон-фикшн,4,265616,Night (The Night Trilogy #1),Elie Wiesel,,,79a19f35b3934eaa010c6832cc64683c,3c6beeed3ace1442,,,,,,,
bold,Нон-фикшн,5,93900,Letters from a Stoic,Seneca,,,79a19f35b3934eaa010c6832cc64683c,3c6beeed3ace1442,,,,,,,
bold,Нон-фикшн,6,347061,The Greatest Salesman in the World,Og Mandino,,,79a19f35b3934eaa010c6832cc64683c,3c6beeed3ace1442,,,,,,,
bold,Нон-фикшн,7,1840987,As a Man Thinketh,James Allen,,,79a19f35b3934eaa010c6832cc64683c,3c6beeed3ace1442,,,,,,,
bold,Нон-фикшн,8,746042,The Magic of Thinking Big,David J. Schwartz,,,79a19f35b3934eaa010c6832cc64683c,3c6beeed3ace1442,,,,,,,
bold,Нон-фикшн,9,3389674,Man's Search for Meaning,Viktor E. Frankl,,,79a19f35b3934eaa010c6832cc64683c,3c6beeed3ace1442,,,,,,,
bold,Нон-фикшн,10,31010,Meditations,Marcus Aurelius,,,79a19f35b3934eaa010c6832cc64683c,3c6beeed3ace1442,,,,,,,
bold,Нон-фикшн,11,3532896,The Diary of a Young Girl,Anne Frank,,,79a19f35b3934eaa010c6832cc64683c,3c6beeed3ace1442,,,,,,,
bold,Нон-фикшн,12,5210,The Millionaire Next Door: The Surprising Secrets of Americas Wealthy,Thomas J. Stanley,,,79a19f35b3934eaa010c6832cc64683c,3c6beeed3ace1442,,,,,,,
bold,Нон-фикшн,13,771090,Secrets of the Millionaire Mind: Mastering the Inner Game of Wealth,T. Harv Eker,,,79a19f35b3934eaa010c6832cc64683c,3c6beeed3ace1442,,,,,,,
bold,Нон-фикшн,14,41987016,Elon Musk: Inventing the Future,Ashlee Vance,,,79a19f35b3934eaa010c6832cc64683c,3c6beeed3ace1442,,,,,,,
bold,Нон-фикшн,15,16029496,The Better Angels of Our Nature: Why Violence Has Declined,Steven Pinker,,,79a19f35b3934eaa010c6832cc64683c,3c6beeed3ace1442,,,,,,,
bold,Нон-фикшн,16,45424659,When Breath Becomes Air,Paul Kalanithi,,,79a19f35b3934eaa010c6832cc64683c,3c6beeed3ace1442,,,,,,,
bold,Нон-фикшн,17,2946399,The Minds of Billy Milligan,Daniel Keyes,,,79a19f35b3934eaa010c6832cc64683c,3c6beeed3ace1442,,,,,,,
bold,Нон-фикшн,18,577412,The Slight Edge: Secret to a Successful Life,Jeff Olson,,,79a19f35b3934eaa010c6832cc64683c,3c6beeed3ace1442,,,,,,,
bold,Нон-фикшн,19,102974,The Intelligent Investor,Benjamin Graham,,,79a19f35b3934eaa010c6832cc64683c,3c6beeed3ace1442,,,,,,,
bold,Нон-фикшн,20,6358552,Nothing to Envy: Ordinary Lives in North Korea,Barbara Demick,,,79a19f35b3934eaa010c6832cc64683c,3c6beeed3ace1442,,,,,,,
