title,author,rating,status,goodreads_work_id
Фауст,Иоганн Вольфганг Гете,5,read,16721
Грозовой перевал,Эмили Бронте,4,read,1565818
Мертвые души,Николай Гоголь,4,read,1001298
Война и мир,Лев Толстой,2,read,4912783
Преступление и наказание,Федор Достоевский,4,read,3393917
Идиот,Федор Достоевский,3,read,6552198
Бесы,Федор Достоевский,4,read,1487216
Посторонний,Альбер Камю,4,read,3324344
Сто лет одиночества,Габриэль Гарсиа Маркес,5,read,3295655
Дон Кихот,Мигель де Сервантес,4,read,121842
Гроздья гнева,Джон Стейнбек,5,read,2931549
Пена дней,Борис Виан,3,read,136792
Цитадель,Арчибальд Кронин,4,read,621034
Портрет Дориана Грея,Оскар Уайльд,4,read,1858012
О мышах и людях,Джон Стейнбек,5,read,40283
Хроники Нарнии,Клайв С. Льюис,5,read,4790821
Голодные игры,Сьюзен Коллинз,5,read,2792775
Пролетая над гнездом кукушки,Кен Кизи,4,read,2100252
Гарри Поттер,Дж. К. Роулинг,5,read,4640799
Мартин Иден,Джек Лондон,5,read,1702482
Парфюмер,Патрик Зюскинд,4,read,2977727
Цветы для Элджернона,Дэниэл Киз,5,read,3337594
Атлант расправил плечи,Айн Рэнд,5,read,817219
Норвежский лес,Харуки Мураками,4,read,2956680
Эгоистичный ген,Ричард Докинз,4,read,1746717
Мастер и Маргарита,Михаил Булгаков,4,read,876183
Граф Монте-Кристо,Александр Дюма,5,read,391568
Маленький принц,Антуан де Сент-Экзюпери,4,read,2180358
Зов предков,Джек Лондон,3,read,3252320
Белый Клык,Джек Лондон,4,read,2949952
Странник по звездам,Джек Лондон,5,read,1001804
Двенадцать стульев,"Илья Ильф, Евгений Петров",3,read,152994
Евгений Онегин,Александр Пушкин,3,read,1795311
Шоколад,Джоанн Харрис,4,read,2930558
Понедельник начинается в субботу,Аркадий и Борис Стругацкие,5,read,1039633
Дракула,Брэм Стокер,5,read,3165724
Отцы и дети,Иван Тургенев,4,read,1294426
О чем я говорю когда говорю о беге,Харуки Мураками,4,read,2475030
Хроники заводной птицы,Харуки Мураками,5,read,2531376
Кафка на пляже,Харуки Мураками,4,read,6191072
Бесцветный Цкуру Тадзаки и годы его странствий,Харуки Мураками,3,read,24593525
Мцыри,Михаил Лермонтов,5,read,2713166
Тарас Бульба,Николай Гоголь,3,read,1316804
Шинель,Николай Гоголь,3,read,13183177
Обломов,Иван Гончаров,4,read,1192093
Гранатовый браслет,Александр Куприн,5,read,791583
Яма,Александр Куприн,4,read,2777185
Плаха,Чингиз Айтматов,5,read,3693230
Любовь гика,Кэтрин Данн,5,read,1474375
Скорбь Сатаны,Мария Корелли,4,read,785231
Под сенью сакуры,Ихара Сайкаку,3,read,
Лето в пионерском галстуке,"Катерина Сильванова, Елена Малисова",5,read,
О чём молчит ласточка,"Катерина Сильванова, Елена Малисова",5,read,
Дни нашей жизни,Микита Франко,5,read,
Save Me,Мона Кастен,4,read,
Save You,Мона Кастен,5,read,
Save Us,Мона Кастен,3,read,
Дженни Далфин и Скрытые Земли (серия),Алексей Олейников,4,read,
Приключения ведьмы Пачкули (серия),Кай Умански,4,read,2265923
Сквозняки (серия),Татьяна Леванова,4,read,21462605
Граф Аверин,Виктор Дашкевич,3,read,
Императорский Див,Виктор Дашкевич,5,read,
Демон из Пустоши,Виктор Дашкевич,4,read,
Тёмная материя,Блейк Крауч,5,read,43161998
Хватит врать,Филипп Бессон,3,read,54672500
За стенкой,Габриэль Коста,3,read,
Жемчужина,Джон Стейнбек,4,read,195832
Психология стресса,Роберт Сапольски,4,read,21860
"Игры, в которые играют люди",Эрик Берн,3,read,817417
Зачем мы спим,Мэттью Уолкер,4,read,55587034
Уютный секс,Саша Корица,5,read,
День триффидов,Джон Уиндем,4,read,188517
Повелитель мух,Уильям Голдинг,4,read,2766512
Анна Каренина,Лев Толстой,3,read,2507928
Превращение,Франц Кафка,4,read,2373750
Франкенштейн,Мэри Шелли,4,read,4836639
Дивергент,Вероника Рот,4,read,13155899
Алиса в Стране чудес и Алиса в Зазеркалье,Льюис Кэрролл,5,read,2933712
Скотный двор,Джордж Оруэлл,1,dnf,2207778
Над пропастью во ржи,Джером Д. Сэлинджер,1,dnf,3036731
Собачье сердце,Михаил Булгаков,4,read,2470656
Ромео и Джульетта,Уильям Шекспир,2,read,3349450
Гамлет,Уильям Шекспир,3,read,1885548
