imdb_id,rating,title
1675434,5,Intouchables
2024544,4,12 Years a Slave
1837492,3,13 Reasons Why
8579674,5,1917
5078204,4,Demain tout commence
16311594,5,F1
1950186,4,Ford v Ferrari
2802144,3,Kingsman: The Secret Service
499549,4,Avatar
417299,4,Avatar: The Last Airbender
338751,3,The Aviator
120586,5,American History X
144084,4,American Psycho
472043,4,Apocalypto
11126994,5,Arcane: League of Legends
13405778,3,Insidious: The Red Door
2560140,4,Shingeki no kyojin
8075496,4,Bao
1517268,4,Barbie
4500922,3,Maze Runner: The Death Cure
1856101,4,Blade Runner 2049
1392190,3,Mad Max: Fury Road
361748,5,Inglourious Basterds
1586680,3,Shameless
137523,5,Fight Club
118715,4,The Big Lebowski
208092,4,Snatch
6718170,4,The Super Mario Bros. Movie
1772250,4,La cara oculta
12593682,3,Bullet Train
2975590,3,Batman v Superman: Dawn of Justice
454921,4,The Pursuit of Happyness
7440726,4,Your Honor
1270797,3,Venom
3487382,3,Forever
903747,5,Breaking Bad
1291584,4,Warrior
816711,3,World War Z
993846,4,The Wolf of Wall Street
13345606,3,Evil Dead Rise
1637688,3,In Time
1305826,5,Adventure Time with Finn & Jake
2980516,4,The Theory of Everything
4080728,5,En man som heter Ove
1663202,4,The Revenant
1201607,5,Harry Potter and the Deathly Hallows - Part 2
926084,5,Harry Potter and the Deathly Hallows - Part 1
330373,5,Harry Potter and the Goblet of Fire
373889,5,Harry Potter and the Order of the Phoenix
417741,5,Harry Potter and the Half-Blood Prince
295297,5,Harry Potter and the Chamber of Secrets
304141,5,Harry Potter and the Prisoner of Azkaban
241527,5,Harry Potter and the Sorcerer's Stone
1981128,2,Geostorm
172495,4,Gladiator
1392170,4,The Hunger Games
1398426,5,Straight Outta Compton
401792,1,Sin City
5249462,4,Boku dake ga inai machi
485947,4,Mr. Nobody
1865718,5,Gravity Falls
7737786,4,Greenland
790636,4,Dallas Buyers Club
1272878,4,2 Guns
3829920,5,Only the Brave
107048,4,Groundhog Day
6226232,4,Young Sheldon
8367814,5,The Gentlemen
2357129,4,Jobs
2446980,2,Joy
7286456,5,Joker
10366206,1,John Wick: Chapter 4
29623480,5,The Wild Robot
2674426,4,Me Before You
1211837,4,Doctor Strange
412142,3,"House, M.D."
1361566,5,Tsumiki no ie
8946378,5,Knives Out
119472,5,Knockin' on Heaven's Door
780504,3,Drive
3560686,3,Дурак
1431045,4,Deadpool
1160419,3,Dune: Part One
371746,5,Iron Man
433035,3,Real Steel
421715,5,The Curious Case of Benjamin Button
1197624,4,Law Abiding Citizen
427944,4,Thank You for Smoking
1528854,4,Daddy's Home
6966692,5,Green Book
120689,5,The Green Mile
119174,4,The Game
2084970,5,The Imitation Game
944947,5,Game of Thrones
268978,5,A Beautiful Mind
1670345,2,Now You See Me
3110958,2,Now You See Me 2
9219848,4,Elon Musk: The Real Life Iron Man
816692,5,Interstellar
945513,4,Source Code
4154664,3,Captain Marvel
120735,4,"Lock, Stock and Two Smoking Barrels"
10834220,4,Kastanjemanden
988108,3,Klass
4005402,4,Colonia
3915174,5,Puss in Boots: The Last Wish
110912,5,Pulp Fiction
5884796,3,Plane
3228774,4,Cruella
8080122,4,Godfather of Harlem
3569230,4,Legend
7569592,4,Chilling Adventures of Sabrina
1189340,4,The Lincoln Lawyer
3032476,5,Better Call Saul
119654,4,Men in Black
4052886,3,Lucifer
4761112,5,The Mauritanian
405159,5,Million Dollar Baby
4034228,4,Manchester by the Sea
3659388,3,The Martian
133093,5,The Matrix
361862,5,The Machinist
4270492,4,Billions
102926,5,The Silence of the Lambs
5093026,3,Papillon
848228,4,The Avengers
4154756,5,Avengers: Infinity War
4154796,5,Avengers: Endgame
2395427,4,Avengers: Age of Ultron
88763,5,Back to the Future
2707408,4,Narcos
1375666,4,Inception
878804,5,The Blind Side
10059518,3,Unhinged
6741278,4,Invincible
1764651,4,The Expendables 2
469494,4,There Will Be Blood
7888964,5,Nobody
7587890,4,The Rookie
948470,2,The Amazing Spider-Man
1872181,2,The Amazing Spider-Man 2
1219289,4,Limitless
97165,5,Dead Poets Society
4481414,4,Gifted
2582802,5,Whiplash
13097932,5,One Life
364569,1,Oldeuboi
3460252,2,The Hateful Eight
1396484,4,It
15398776,4,Oppenheimer
399295,4,Lord of War
4276820,5,The Founder
1130884,5,Shutter Island
1548850,2,Misfits
10272386,5,The Father
1386697,2,Suicide Squad
407887,4,The Departed
2106476,5,Jagten
4574334,4,Stranger Things
1620935,4,Bleed for This
6751668,4,Gisaengchung
1355644,4,Passengers
2397535,3,Predestination
1190634,4,The Boys
3498820,4,Captain America: Civil War
4873118,5,The Covenant
488120,4,Fracture
5613056,4,Piper
253474,5,The Pianist
1392214,4,Prisoners
2119532,4,Hacksaw Ridge
111161,5,The Shawshank Redemption
264464,5,Catch Me If You Can
3984356,4,Only
4772188,3,Straume
482571,3,The Prestige
99653,4,Ghost
119698,4,Mononoke-hime
12042730,4,Project Hail Mary
73486,5,One Flew Over the Cuckoo's Nest
119116,3,The Fifth Element
1136608,3,District 9
2140479,4,The Accountant
180093,1,Requiem for a Dream
2861424,5,Rick and Morty
1823672,3,Chappie
1839492,4,Ruby Sparks
11318602,5,Don't F**k with Cats: Hunting an Internet Killer
412080,5,The World's Fastest Indian
114369,5,Se7en
814314,4,Seven Pounds
2575988,5,Silicon Valley
3774114,4,Snowden
141842,3,The Sopranos
1285016,4,The Social Network
4972582,3,Split
477348,4,No Country for Old Men
2015381,2,Guardians of the Galaxy
3896198,1,Guardians of the Galaxy Vol. 2
6791350,4,Guardians of the Galaxy Vol. 3
2872718,3,Nightcrawler
491175,3,Suburbicon
1872194,4,The Judge
5311514,3,Kimi no na wa.
489099,3,Jumper
468569,4,The Dark Knight
1345836,5,The Dark Knight Rises
898266,5,The Big Bang Theory
362227,5,The Terminal
877057,4,Desu noto
4578050,4,Timm Thaler oder Das verkaufte Lachen
800369,4,Thor
1981115,4,Thor: The Dark World
418279,3,Transformers
3371366,3,Transformers: The Last Knight
5027774,4,"Three Billboards Outside Ebbing, Missouri"
332452,4,Troy
2854926,4,Tag
5052474,5,Sicario 2: Soldado
14688458,2,Silo
3606888,4,A Street Cat Named Bob
245429,5,Sen to Chihiro no kamikakushi
9738784,4,Persian Lessons
1683526,5,Detachment
3183660,1,Fantastic Beasts and Where to Find Them
109830,5,Forrest Gump
2820852,2,Fast & Furious 7
4630562,1,The Fate of the Furious
3072482,2,Хардкор
1028532,5,Hachi: A Dog's Tale
10048342,5,The Queen's Gambit
409459,3,Watchmen
448157,4,Hancock
770828,4,Man of Steel
1210166,5,Moneyball
787524,5,The Man Who Knew Infinity
10954600,2,Ant-Man and the Wasp: Quantumania
145487,4,Spider-Man
112175,5,Spider-Man
6320628,4,Spider-Man: Far from Home
2250912,4,Spider-Man: Homecoming
10872600,5,Spider-Man: No Way Home
22084616,3,Spider-Man: Brand New Day
9362722,3,Spider-Man: Across the Spider-Verse
7366338,5,Chernobyl
2543472,5,Wonder
78748,4,Alien
4301160,4,Black Bird
2085059,5,Black Mirror
2503944,4,Burnt
120382,5,The Truman Show
126029,5,Shrek
1291570,3,Solace
1535108,3,Elysium
289879,4,The Butterfly Effect
480249,4,I Am Legend
343818,4,"I, Robot"
162222,4,Cast Away
1596363,5,The Big Short
2654430,5,Whiplash
910970,5,WALL-E
