author,title,ru_title
Delia Owens,Where the Crawdads Sing,"Там, где раки поют"
Tara Westover,Educated: A Memoir,Ученица
Michelle Obama,Becoming,Becoming. Моя история
Alex Michaelides,The Silent Patient,Безмолвный пациент
Alex Michaelides,The Maidens: A Novel,Девы
Colleen Hoover,Verity,Верити
Colleen Hoover,Reminders of Him: A Novel,Напоминания о нём
Colleen Hoover,Layla,Лейла
Colleen Hoover,All Your Perfects: A Novel,Все твои совершенства
Colleen Hoover,It Starts with Us: A Novel (It Ends with Us Book 2),Всё начинается с нас
Kristin Hannah,The Great Alone: A Novel,Великое одиночество
Kristin Hannah,The Four Winds: A Novel,Четыре ветра
A. J. Finn,The Woman in the Window: A Novel,Женщина в окне
James Patterson,The President Is Missing: A Novel,Президент пропал
Jeanine Cummins,American Dirt (Oprah's Book Club): A Novel,Американская грязь
Matt Haig,The Midnight Library: A Novel,Полночная библиотека
Andy Weir,Project Hail Mary: A Novel,Проект «Аве Мария»
Michael Wolff,Fire and Fury: Inside the Trump White House,Огонь и ярость. В Белом доме Трампа
Bob Woodward,Fear: Trump in the White House,Страх. Трамп в Белом доме
Stephen King,The Outsider: A Novel,Чужак
Stephen King,Outsider: A Novel,Чужак
Stephen King,The Institute: A Novel,Институт
Stephen King,Billy Summers,Билли Саммерс
Stephen King,Elevation,Возвышение
Stephen King,Fairy Tale,Сказка
Stephen King,Later,Позже
Stephen King,"If It Bleeds: Mr. Harrigan's Phone, The Life of Chuck, Rat",Будет кровь
Freida McFadden,The Housemaid: An absolutely addictive psychological thriller with a jaw-dropping twist,Домработница
Freida McFadden,The Housemaid's Secret: A totally gripping psychological thriller with a shocking twist,Тайна домработницы
Freida McFadden,Never Lie: An addictive psychological thriller,Никогда не лги
Bonnie Garmus,Lessons in Chemistry: A Novel,Уроки химии
Liane Moriarty,Nine Perfect Strangers,Девять совсем незнакомых людей
Brit Bennett,The Vanishing Half: A Novel,Исчезнувшая половина
Tayari Jones,An American Marriage (Oprah's Book Club): A Novel,Американский брак
Rachel Hollis,"Girl, Wash Your Face: Stop Believing the Lies About Who You Are So You Can Become Who You Were Meant to Be","Девочка, умойся!"
Rachel Hollis,"Girl, Stop Apologizing: A Shame-Free Plan for Embracing and Achieving Your Goals","Девочка, прекрати извиняться!"
V. E. Schwab,The Invisible Life of Addie LaRue,Незримая жизнь Адди Ларю
Sarah Pekkanen,The Wife Between Us: A Novel,Жена между нами
"Prince Harry, The Duke of Sussex",Spare,Запасной
Ann Patchett,The Dutch House: A Read with Jenna Pick: A Summer Beach Read,Голландский дом
Diana Gabaldon,Go Tell the Bees That I Am Gone: A Novel (Outlander Book 9),"Скажи пчёлам, что меня больше нет"
Lisa Jewell,Then She Was Gone: A Novel,Тогда она исчезла
Lisa Jewell,The Family Upstairs: A Novel,Семья наверху
Lucy Foley,The Guest List: A Reese's Book Club Pick,Список гостей
Lucy Foley,The Paris Apartment: A Novel,Парижская квартира
Nita Prose,The Maid: A Novel (Molly the Maid Book 1),Горничная
John Carreyrou,Bad Blood: Secrets and Lies in a Silicon Valley Startup,Дурная кровь
Amor Towles,The Lincoln Highway: A Novel,Шоссе Линкольна
Amor Towles,A Gentleman in Moscow: A Novel,Джентльмен в Москве
Richard Powers,The Overstory: A Novel,Верхний ярус
Taylor Jenkins Reid,Daisy Jones & The Six: A Novel,Дейзи Джонс и The Six
Taylor Jenkins Reid,Malibu Rising: A Novel,Малибу в огне
Taylor Jenkins Reid,The Seven Husbands of Evelyn Hugo: A Novel,Семь мужей Эвелин Хьюго
Heather Morris,The Tattooist of Auschwitz: A Novel,Татуировщик из Освенцима
Heather Morris,Cilka's Journey: A Novel (Tattooist of Auschwitz Book 2),Дорога из Освенцима
Margaret Atwood,The Testaments: A Novel,Заветы
Nicholas Sparks,Every Breath,Каждый вздох
Nicholas Sparks,The Return,Возвращение
Nicholas Sparks,The Wish,Желание
Ken Follett,The Evening and the Morning: A Novel (Kingsbridge Book 4),Вечер и утро
Ken Follett,Never: A Novel,Никогда
Madeline Miller,CIRCE,Цирцея
Jennifer L. Armentrout,From Blood and Ash (Blood And Ash Series Book 1),Из крови и пепла
Jennifer L. Armentrout,A Kingdom of Flesh and Fire (Blood and Ash Book 2),Королевство плоти и огня
Jennifer L. Armentrout,The Crown of Gilded Bones (Blood And Ash Series Book 3),Корона из позолоченных костей
Sarah J. Maas,A Court of Silver Flames (A Court of Thorns and Roses Book 5),Королевство серебряного пламени
Sarah J. Maas,A Court of Frost and Starlight (A Court of Thorns and Roses Book 4),Королевство льда и звёздного света
Sarah J. Maas,Kingdom of Ash (Throne of Glass Book 7),Королевство пепла
Robert Galbraith,Lethal White (Cormoran Strike Book 4),Смертельная белизна
Robert Galbraith,Troubled Blood (A Cormoran Strike Novel Book 5),Дурная кровь
Robert Galbraith,The Ink Black Heart (A Cormoran Strike Novel),Чернильно-чёрное сердце
Jordan B. Peterson,12 Rules for Life: An Antidote to Chaos,12 правил жизни. Противоядие от хаоса
TJ Klune,The House in the Cerulean Sea,Дом в лазурном море
TJ Klune,Under the Whispering Door,Под шепчущей дверью
Colson Whitehead,The Nickel Boys (Winner 2020 Pulitzer Prize for Fiction): A Novel,Мальчики из «Никеля»
Harlan Coben,The Boy from the Woods,Мальчик из леса
Suzanne Collins,The Ballad of Songbirds and Snakes (A Hunger Games Novel) (The Hunger Games),Баллада о змеях и певчих птицах
Emily Henry,Book Lovers,Книжные любовники
Emily Henry,Beach Read,Пляжное чтение
Emily Henry,People We Meet on Vacation,"Люди, которых мы встречаем в отпуске"
Blake Crouch,Recursion: A Novel,Рекурсия
Blake Crouch,Upgrade: A Novel,Апгрейд
Tana French,The Searcher: A Novel,Искатель
Tana French,The Witch Elm: A Novel,Ведьмин вяз
E. L. James,The Mister (Mister & Missus Book 1),Мистер
Richard Osman,The Thursday Murder Club: A Novel (A Thursday Murder Club Mystery Book 1),Клуб убийств по четвергам
Richard Osman,The Man Who Died Twice: A Thursday Murder Club Mystery,"Человек, который умер дважды"
Marc Levy,The Strange Journey of Alice Pendelbury,Странное путешествие мистера Долдри
Marc Levy,The Last of the Stanfields,Последний из Стэнфилдов
Sally Rooney,Normal People: A Novel,Нормальные люди
Ruth Ware,The Death of Mrs. Westaway,Смерть миссис Вестуэй
Ruth Ware,The Turn of the Key,Поворот ключа
Casey McQuiston,"Red, White & Royal Blue: A Novel","Красный, белый и королевский синий"
Ernest Cline,Ready Player Two: A Novel (Ready Player One Book 2),Второму игроку приготовиться
Elizabeth Strout,"Olive, Again: A Novel",И снова Оливия
Jojo Moyes,Still Me: A Novel (Me Before You Trilogy Book 3),Всё та же я
Jojo Moyes,The Giver of Stars: A Novel,Дарительница звёзд
Stuart Turton,The 7 1/2 Deaths of Evelyn Hardcastle,Семь смертей Эвелины Хардкасл
Ali Hazelwood,The Love Hypothesis,Гипотеза любви
Stephenie Meyer,Midnight Sun,Солнце полуночи
Ann Napolitano,Dear Edward: A Novel,Дорогой Эдвард
John Marrs,The One: A Novel,Единственный
Maggie O'Farrell,Hamnet,Хамнет
Chloe Benjamin,The Immortalists,Бессмертники
Kate Quinn,The Huntress: A Novel,Охотница
Diane Setterfield,Once Upon a River: A Novel,Пока течёт река
Kazuo Ishiguro,Klara and the Sun: A novel,Клара и Солнце
Erin Morgenstern,The Starless Sea: A Novel,Беззвёздное море
Riley Sager,Lock Every Door: A Novel,Запри все двери
Gail Honeyman,Eleanor Oliphant Is Completely Fine: A Novel,Элеанор Олифант в полном порядке
Gabrielle Zevin,"Tomorrow, and Tomorrow, and Tomorrow: A novel","Завтра, завтра, завтра"
Martha Wells,Artificial Condition: The Murderbot Diaries,Искусственное состояние
Martha Wells,Rogue Protocol: The Murderbot Diaries,Протокол бегства
Martha Wells,Exit Strategy: The Murderbot Diaries,Стратегия отхода
Martha Wells,Network Effect: A Murderbot Novel (The Murderbot Diaries Book 5),Сетевой эффект
Martha Wells,Fugitive Telemetry (The Murderbot Diaries Book 6),Телеметрия беглеца
Anthony Doerr,Cloud Cuckoo Land: A Novel,Птичий город за облаками
Anna Rosling Rönnlund,Factfulness: Ten Reasons We're Wrong About the World--and Why Things Are Better Than You Think,Фактологичность
Holly Black,The Cruel Prince (The Folk of the Air Book 1),Жестокий принц
Holly Black,The Wicked King (The Folk of the Air Book 2),Злой король
Holly Black,The Queen of Nothing (The Folk of the Air Book 3),Королева ничего
George R. R. Martin,Fire & Blood: 300 Years Before A Game of Thrones (The Targaryen Dynasty: The House of the Dragon),Пламя и кровь
Elton John,Me: Elton John Official Autobiography,Я. Элтон Джон
Alice Feeney,Sometimes I Lie: A Novel,Иногда я лгу
Alice Feeney,Rock Paper Scissors: A Novel,"Камень, ножницы, бумага"
Fredrik Backman,Us Against You: A Novel (Beartown Series),Мы против вас
Ben Macintyre,The Spy and the Traitor: The Greatest Espionage Story of the Cold War,Шпион и предатель
Leigh Bardugo,Ninth House (Alex Stern Book 1),Девятый дом
"Vance, J. D.",Hillbilly Elegy: A Memoir of a Family and Culture in Crisis,Элегия Хиллбилли
Kate Elizabeth Russell,My Dark Vanessa: A Novel,Моя тёмная Ванесса
Alix Harrow,The Ten Thousand Doors of January,Десять тысяч дверей
Alex North,The Whisper Man: A Novel,Шёпот за окном
Paul Tremblay,The Cabin at the End of the World: A Novel,Хижина на краю света
Oyinkan Braithwaite,"My Sister, the Serial Killer: A Novel","Моя сестра — серийная убийца"
Chris Whitaker,We Begin at the End,Мы начинаем в конце
Glennon Doyle,Untamed,Неукротимая
Adrian McKinty,The Chain,Цепь
David Grann,Killers of the Flower Moon: The Osage Murders and the Birth of the FBI,Убийцы цветочной луны
Matthew McConaughey,Greenlights,Зелёный свет
David Lagercrantz,The Girl Who Lived Twice: A Lisbeth Salander Novel (The Girl with the Dragon Tattoo Series Book 6),"Девушка, которая жила дважды"
Tamsyn Muir,Gideon the Ninth (The Locked Tomb Series Book 1),Гидеон Девятая
Michael Ondaatje,Warlight: A novel,Военный свет
James S. A. Corey,Tiamat's Wrath (The Expanse Book 8),Гнев Тиамат
Shari Lapena,An Unwanted Guest: A Novel,Незваный гость
Emily St. John Mandel,The Glass Hotel: A novel,Стеклянный отель
Susanna Clarke,Piranesi,Пиранези
Samantha Downing,My Lovely Wife,Моя любимая жена
Celeste Ng,Little Fires Everywhere: A Novel,И повсюду тлеют пожары
Isabel Allende,A Long Petal of the Sea: A Novel,Длинный лепесток моря
Timothy Zahn,Thrawn: Alliances (Star Wars) (Star Wars: Thrawn Book 2),Траун. Союзники
Silvia Moreno-Garcia,Mexican Gothic,Мексиканская готика
David Goggins,Can't Hurt Me: Master Your Mind and Defy the Odds,Меня не сломить
Samantha Shannon,The Priory of the Orange Tree (The Roots of Chaos),Приорат Апельсинового дерева
Yuval Noah Harari,Sapiens: A Brief History of Humankind,Sapiens. Краткая история человечества
Holly Jackson,A Good Girl's Guide to Murder,Хорошая девочка — мёртвая девочка
Jennette Mccurdy,I'm Glad My Mom Died,"Я рада, что моя мама умерла"
Brandon Sanderson,Rhythm of War: Book Four of The Stormlight Archive,Ритм войны
R. F. Kuang,The Poppy War: A Novel,Опиумная война
James Clear,Atomic Habits: An Easy & Proven Way to Build Good Habits & Break Bad Ones,Атомные привычки
Morgan Housel,"The Psychology of Money: Timeless lessons on wealth, greed, and happiness",Психология денег
